physpreset,barrel_metal
physpreset,car_door
physpreset,car_hood
physpreset,cardboardbox_empty
physpreset,cardboardbox_full
physpreset,corrugated_metal
physpreset,corrugated_metal_lg
physpreset,crate_plastic
physpreset,fire_extinguisher
physpreset,fruit_large
physpreset,fruit_large_chunk
physpreset,fruit_small
physpreset,glass_chunk
physpreset,jeepride_boulder
physpreset,laptop
physpreset,picture_frame
physpreset,teddy_bear
physpreset,tire
physpreset,tire_heavy
physpreset,tv_24inch
physpreset,wood_crate
xmodel,aftermath_power_tower
xmodel,ap_couch01
xmodel,ap_table_square01
xmodel,bathroom_faucet
xmodel,bathroom_medicine_cabinet
xmodel,bathroom_shampoo1
xmodel,bathroom_shampoo2
xmodel,bathroom_shower
xmodel,bathroom_shower_curtain
xmodel,bathroom_sink
xmodel,bathroom_soap
xmodel,bathroom_toilet
xmodel,bathroom_toilet_lid
xmodel,bathroom_towel
xmodel,bathroom_towel_rack
xmodel,bc_cot
xmodel,bc_military_comm_tower
xmodel,bc_military_tire04_big
xmodel,bc_militarytent_wood_table
xmodel,body_mp_arab_regular_assault
xmodel,body_mp_arab_regular_cqb
xmodel,body_mp_arab_regular_engineer
xmodel,body_mp_arab_regular_sniper
xmodel,body_mp_arab_regular_support
xmodel,body_mp_usmc_assault
xmodel,body_mp_usmc_recon
xmodel,body_mp_usmc_sniper
xmodel,body_mp_usmc_specops
xmodel,body_mp_usmc_support
xmodel,bog_b_cinderblock_clutter
xmodel,ch_bedframemetal_dark
xmodel,ch_campfire_equipment
xmodel,ch_corkboard_metaltrim_3x4
xmodel,ch_crate24x24
xmodel,ch_crate32x48
xmodel,ch_crate48x64
xmodel,ch_furniture_couch01
xmodel,ch_furniture_couch02
xmodel,ch_furniture_school_lunch_table
xmodel,ch_gas_pump
xmodel,ch_haycart
xmodel,ch_haycart_destroyed
xmodel,ch_hayroll_02
xmodel,ch_hayroll_03
xmodel,ch_lawnmower
xmodel,ch_mattress_2
xmodel,ch_mattress_bent_1
xmodel,ch_mattress_bent_2
xmodel,ch_pillow_1
xmodel,ch_pillow_2
xmodel,ch_radiator01
xmodel,ch_road_post
xmodel,ch_roadrock_07
xmodel,ch_russian_table
xmodel,ch_russian_table_cloth1
xmodel,ch_russian_table_cloth3
xmodel,ch_russian_table_no_top
xmodel,ch_snack_machine_small_russia
xmodel,ch_street_light_01_off
xmodel,ch_street_wall_light_01_on
xmodel,ch_washer_01
xmodel,ch_water_fountain
xmodel,com_airduct_c_90
xmodel,com_airduct_c_scale
xmodel,com_airduct_c_t
xmodel,com_airduct_c_vent
xmodel,com_airduct_circle
xmodel,com_airduct_s_90
xmodel,com_airduct_s_short
xmodel,com_airduct_s_tran_c
xmodel,com_airduct_square
xmodel,com_armoire
xmodel,com_armoire_d
xmodel,com_barrel_biohazard
xmodel,com_barrel_black
xmodel,com_barrel_black_rust
xmodel,com_barrel_blue_rust
xmodel,com_barrel_fire
xmodel,com_barrel_piece
xmodel,com_barrel_piece2
xmodel,com_barrel_russian_fuel_dirt
xmodel,com_barrel_shard2
xmodel,com_barrel_shard3
xmodel,com_barrel_shard4
xmodel,com_basketball_goal
xmodel,com_bedroll
xmodel,com_bench
xmodel,com_bike
xmodel,com_books1
xmodel,com_bookshelves1
xmodel,com_bookshelves1_d
xmodel,com_bookshelveswide
xmodel,com_bottle1
xmodel,com_bottle2
xmodel,com_bottle3
xmodel,com_bunker_seat
xmodel,com_bunker_table
xmodel,com_cafe_chair
xmodel,com_cafe_light_part2
xmodel,com_cardboardbox01
xmodel,com_cardboardbox03
xmodel,com_cardboardbox04
xmodel,com_cardboardbox05
xmodel,com_cardboardboxshortclosed_1
xmodel,com_cardboardboxshortclosed_2
xmodel,com_cardboardboxshortopen_3
xmodel,com_computer_rack
xmodel,com_conference_table1
xmodel,com_crate01
xmodel,com_dresser
xmodel,com_electrical_pipe
xmodel,com_file_cabinets_a_drawer
xmodel,com_filecabinetblackclosed
xmodel,com_filecabinetblackopen
xmodel,com_floodlight_on
xmodel,com_flower_pot02
xmodel,com_folding_table
xmodel,com_french_bathtub_porcelain
xmodel,com_hookah_pipe
xmodel,com_industrialtrashbin
xmodel,com_junktire
xmodel,com_junktire2
xmodel,com_ladder_wood
xmodel,com_lamp_ornate_on
xmodel,com_laptop_close
xmodel,com_laptop_open
xmodel,com_longdiningtable
xmodel,com_longdiningtable_d
xmodel,com_milk_carton
xmodel,com_northafrica_woodchair
xmodel,com_office_lamp02
xmodel,com_paintcan
xmodel,com_pallet
xmodel,com_pallet_2
xmodel,com_pallet_stack
xmodel,com_pan_copper
xmodel,com_pan_metal
xmodel,com_photocopier
xmodel,com_plastic_bucket
xmodel,com_plate_round1
xmodel,com_plate_round2
xmodel,com_pot_metal
xmodel,com_pot_metal_lid
xmodel,com_potted_plant02
xmodel,com_powerline_tower
xmodel,com_propane_tank
xmodel,com_red_toolbox
xmodel,com_restaurant_sinktable_left
xmodel,com_restaurant_sinktable_right
xmodel,com_restaurantkitchentable_2
xmodel,com_restaurantkitchentable_3
xmodel,com_restaurantsink_1comp
xmodel,com_restaurantsink_2comps
xmodel,com_restaurantstainlessteelshelf_01
xmodel,com_restaurantstainlessteelshelf_02
xmodel,com_restaurantstovewithburner
xmodel,com_satellite_dish_big
xmodel,com_soup_can
xmodel,com_studio_light_on
xmodel,com_teddy_bear
xmodel,com_tin_oval_flat
xmodel,com_tin_oval_tall
xmodel,com_tin_rectangular_flat03
xmodel,com_tin_rectangular_tall
xmodel,com_tractor
xmodel,com_transistor_radio
xmodel,com_trashbag
xmodel,com_trashbag1_black
xmodel,com_trashbag1_green
xmodel,com_trashbag2_green
xmodel,com_trashcan
xmodel,com_trashcan_metal_with_trash
xmodel,com_trashchuteslide
xmodel,com_tripod
xmodel,com_tv1
xmodel,com_tv2
xmodel,com_two_light_fixture_on
xmodel,com_vending_bottle2_lit
xmodel,com_vending_bottle_lit
xmodel,com_vending_can_new1_lit
xmodel,com_wall_clock
xmodel,com_walltable1
xmodel,com_walltable1_d
xmodel,com_walltable2
xmodel,com_walltable2_d
xmodel,com_water_tower
xmodel,com_wheelbarrow
xmodel,com_widescreen_monitor_on_1
xmodel,cs_cargoship_spotlight_on
xmodel,cs_cargoship_spotlight_part1
xmodel,cs_cargoship_wall_light_on
xmodel,foliage_dead_pine_med
xmodel,foliage_dead_pine_xl
xmodel,foliage_grass_short_squareclump
xmodel,foliage_grass_triangularclump
xmodel,foliage_ivy_bottom01
xmodel,foliage_ivy_corner01
xmodel,foliage_ivy_tree
xmodel,foliage_red_pine_lg
xmodel,foliage_red_pine_med
xmodel,foliage_red_pine_sm
xmodel,foliage_red_pine_stump_lg
xmodel,foliage_red_pine_xl
xmodel,foliage_red_pine_xxl
xmodel,foliage_shrub_group01
xmodel,foliage_tree_destroyed_tree_a
xmodel,foliage_tree_grey_oak_med_a
xmodel,foliage_tree_pine_sm_b
xmodel,foliage_tree_river_birch_lg_a
xmodel,fx_glass_piece_brakelight_01
xmodel,fx_glass_piece_brakelight_02
xmodel,fx_glass_piece_large_01
xmodel,fx_glass_piece_large_02
xmodel,fx_glass_piece_large_03
xmodel,fx_watermelonchunk_01
xmodel,fx_watermelonchunk_02
xmodel,fx_watermelonchunk_03
xmodel,fx_watermelonchunk_04
xmodel,fx_watermelonchunk_05
xmodel,fx_watermelonchunk_06
xmodel,head_mp_arab_regular_asad
xmodel,head_mp_arab_regular_headwrap
xmodel,head_mp_arab_regular_sadiq
xmodel,head_mp_arab_regular_ski_mask
xmodel,head_mp_arab_regular_suren
xmodel,head_mp_usmc_nomex
xmodel,head_mp_usmc_shaved_head
xmodel,head_mp_usmc_tactical_baseball_cap
xmodel,head_mp_usmc_tactical_mich
xmodel,head_mp_usmc_tactical_mich_stripes_nomex
xmodel,me_ac_big
xmodel,me_ac_window
xmodel,me_antenna2
xmodel,me_antenna3
xmodel,me_banana_box2
xmodel,me_cargocontainersingleface
xmodel,me_citrus_box1
xmodel,me_corrugated_metal4x4
xmodel,me_corrugated_metal4x8
xmodel,me_corrugated_metal8x8
xmodel,me_electricbox1
xmodel,me_electricbox2
xmodel,me_electricbox3
xmodel,me_electricbox4
xmodel,me_fanceil1
xmodel,me_fruit_orange
xmodel,me_fruit_watermelon_oblong
xmodel,me_lightfluohang_on
xmodel,me_market_cart1
xmodel,me_market_stand1
xmodel,me_picture10
xmodel,me_picture15
xmodel,me_picture16
xmodel,me_picture3
xmodel,me_picture7
xmodel,me_picture9
xmodel,me_plastic_crate1
xmodel,me_plastic_crate2
xmodel,me_plastic_crate3
xmodel,me_refrigerator
xmodel,me_refrigerator2
xmodel,me_streetlight_on
xmodel,me_tomato_crate1
xmodel,me_transmitting_tower
xmodel,me_wood_cage_large
xmodel,me_wood_cage_small
xmodel,me_woodcrateclosed
xmodel,me_woodcrateopen
xmodel,mil_bunker_bed1
xmodel,mil_bunker_bed2
xmodel,mil_sandbag_desert_curved
xmodel,mil_sandbag_desert_end_left
xmodel,mil_sandbag_desert_end_right
xmodel,mil_sandbag_desert_short
xmodel,prop_misc_rock_boulder_01
xmodel,prop_misc_rock_boulder_02
xmodel,vehicle_80s_hatch1_greendest
xmodel,vehicle_80s_hatch2_tandest
xmodel,vehicle_80s_sedan1_glass_b
xmodel,vehicle_80s_sedan1_glass_b_dam
xmodel,vehicle_80s_sedan1_glass_f
xmodel,vehicle_80s_sedan1_glass_f_dam
xmodel,vehicle_80s_sedan1_glass_lb
xmodel,vehicle_80s_sedan1_glass_lb_dam
xmodel,vehicle_80s_sedan1_glass_lf
xmodel,vehicle_80s_sedan1_glass_lf_dam
xmodel,vehicle_80s_sedan1_glass_rb
xmodel,vehicle_80s_sedan1_glass_rb_dam
xmodel,vehicle_80s_sedan1_glass_rf
xmodel,vehicle_80s_sedan1_glass_rf_dam
xmodel,vehicle_80s_sedan1_silv_bumper_b
xmodel,vehicle_80s_sedan1_silv_bumper_f
xmodel,vehicle_80s_sedan1_silv_destroyed
xmodel,vehicle_80s_sedan1_silv_destructible_mp
xmodel,vehicle_80s_sedan1_silv_door_lb
xmodel,vehicle_80s_sedan1_silv_door_lf
xmodel,vehicle_80s_sedan1_silv_door_rb
xmodel,vehicle_80s_sedan1_silv_door_rf
xmodel,vehicle_80s_sedan1_silv_hood
xmodel,vehicle_80s_sedan1_silv_light_lb
xmodel,vehicle_80s_sedan1_silv_light_lb_dam
xmodel,vehicle_80s_sedan1_silv_light_lf
xmodel,vehicle_80s_sedan1_silv_light_lf_dam
xmodel,vehicle_80s_sedan1_silv_light_rb
xmodel,vehicle_80s_sedan1_silv_light_rb_dam
xmodel,vehicle_80s_sedan1_silv_light_rf
xmodel,vehicle_80s_sedan1_silv_light_rf_dam
xmodel,vehicle_80s_sedan1_silv_mirror_l
xmodel,vehicle_80s_sedan1_silv_mirror_r
xmodel,vehicle_80s_sedan1_silv_trunk
xmodel,vehicle_80s_wagon1_glass_b
xmodel,vehicle_80s_wagon1_glass_b_dam
xmodel,vehicle_80s_wagon1_glass_f
xmodel,vehicle_80s_wagon1_glass_f_dam
xmodel,vehicle_80s_wagon1_glass_lb
xmodel,vehicle_80s_wagon1_glass_lb2
xmodel,vehicle_80s_wagon1_glass_lb2_dam
xmodel,vehicle_80s_wagon1_glass_lb_dam
xmodel,vehicle_80s_wagon1_glass_lf
xmodel,vehicle_80s_wagon1_glass_lf_dam
xmodel,vehicle_80s_wagon1_glass_rb
xmodel,vehicle_80s_wagon1_glass_rb2
xmodel,vehicle_80s_wagon1_glass_rb2_dam
xmodel,vehicle_80s_wagon1_glass_rb_dam
xmodel,vehicle_80s_wagon1_glass_rf
xmodel,vehicle_80s_wagon1_glass_rf_dam
xmodel,vehicle_80s_wagon1_green_bumper_b
xmodel,vehicle_80s_wagon1_green_bumper_f
xmodel,vehicle_80s_wagon1_green_destroyed
xmodel,vehicle_80s_wagon1_green_destructible_mp
xmodel,vehicle_80s_wagon1_green_door_lb
xmodel,vehicle_80s_wagon1_green_door_lf
xmodel,vehicle_80s_wagon1_green_door_rb
xmodel,vehicle_80s_wagon1_green_door_rf
xmodel,vehicle_80s_wagon1_green_hood
xmodel,vehicle_80s_wagon1_green_light_lb
xmodel,vehicle_80s_wagon1_green_light_lb_dam
xmodel,vehicle_80s_wagon1_green_light_lf
xmodel,vehicle_80s_wagon1_green_light_lf_dam
xmodel,vehicle_80s_wagon1_green_light_rb
xmodel,vehicle_80s_wagon1_green_light_rb_dam
xmodel,vehicle_80s_wagon1_green_light_rf
xmodel,vehicle_80s_wagon1_green_light_rf_dam
xmodel,vehicle_80s_wagon1_green_mirror_l
xmodel,vehicle_80s_wagon1_green_mirror_r
xmodel,vehicle_80s_wagon1_greendest
xmodel,vehicle_80s_wagon1_red_bumper_b
xmodel,vehicle_80s_wagon1_red_bumper_f
xmodel,vehicle_80s_wagon1_red_destroyed
xmodel,vehicle_80s_wagon1_red_destructible_mp
xmodel,vehicle_80s_wagon1_red_door_lb
xmodel,vehicle_80s_wagon1_red_door_lf
xmodel,vehicle_80s_wagon1_red_door_rb
xmodel,vehicle_80s_wagon1_red_door_rf
xmodel,vehicle_80s_wagon1_red_hood
xmodel,vehicle_80s_wagon1_red_light_lb
xmodel,vehicle_80s_wagon1_red_light_lb_dam
xmodel,vehicle_80s_wagon1_red_light_lf
xmodel,vehicle_80s_wagon1_red_light_lf_dam
xmodel,vehicle_80s_wagon1_red_light_rb
xmodel,vehicle_80s_wagon1_red_light_rb_dam
xmodel,vehicle_80s_wagon1_red_light_rf
xmodel,vehicle_80s_wagon1_red_light_rf_dam
xmodel,vehicle_80s_wagon1_red_mirror_l
xmodel,vehicle_80s_wagon1_red_mirror_r
xmodel,vehicle_80s_wagon1_silv_bumper_b
xmodel,vehicle_80s_wagon1_silv_bumper_f
xmodel,vehicle_80s_wagon1_silv_destroyed
xmodel,vehicle_80s_wagon1_silv_destructible_mp
xmodel,vehicle_80s_wagon1_silv_door_lb
xmodel,vehicle_80s_wagon1_silv_door_lf
xmodel,vehicle_80s_wagon1_silv_door_rb
xmodel,vehicle_80s_wagon1_silv_door_rf
xmodel,vehicle_80s_wagon1_silv_hood
xmodel,vehicle_80s_wagon1_silv_light_lb
xmodel,vehicle_80s_wagon1_silv_light_lb_dam
xmodel,vehicle_80s_wagon1_silv_light_lf
xmodel,vehicle_80s_wagon1_silv_light_lf_dam
xmodel,vehicle_80s_wagon1_silv_light_rb
xmodel,vehicle_80s_wagon1_silv_light_rb_dam
xmodel,vehicle_80s_wagon1_silv_light_rf
xmodel,vehicle_80s_wagon1_silv_light_rf_dam
xmodel,vehicle_80s_wagon1_silv_mirror_l
xmodel,vehicle_80s_wagon1_silv_mirror_r
xmodel,vehicle_bulldozer
xmodel,vehicle_pickup_4door_static
xmodel,vehicle_pickup_nodoor_static
xmodel,vehicle_pickup_roobars
xmodel,vehicle_semi_truck_cargo
xmodel,vehicle_tanker_truck_civ
xmodel,vehicle_tractor_plow
xmodel,vehicle_uaz_fabric_static
xmodel,viewhands_desert_opfor
material,gfx_car_light_round_red
material,gfx_moth
material,gfx_spotlight_lensflare_eyeoffset
material,gfx_spotlight_lensflare_glw_z20
material,gfx_spotlight_lensflare_glwz20_eye10
material,mc/com_glass_shattered_inside
material,mc/gfx_floodlight_beam_godray75
material,mc/gfx_floodlight_beam_godray85
material,mc/gfx_floodlight_tightglow
material,mc/gfx_spotlight_lenseflare_flare_a
material,mc/gfx_spotlight_lenseflare_flare_a_eyeoffset
material,mc/jeepride_rockwall_01
material,mc/me_asphalt_01
material,mc/me_cargocontainer_exttrimtall
material,mc/me_cinderblock_wall2
material,mc/me_fence_chainlink
material,mc/me_trim_metal_01
material,mc/me_trim_metal_conduit
material,mc/mtl_80s_econ_glass
material,mc/mtl_80s_econ_glass_inside
material,mc/mtl_80s_econ_glass_outside
material,mc/mtl_80s_econ_green
material,mc/mtl_80s_econ_green_rubber
material,mc/mtl_80s_econ_red
material,mc/mtl_80s_econ_silv
material,mc/mtl_80s_econdestroy_green
material,mc/mtl_80s_econdestroy_green_metal
material,mc/mtl_80s_econdestroy_green_rubber
material,mc/mtl_80s_econdestroy_red
material,mc/mtl_80s_econdestroy_silv
material,mc/mtl_80s_econdestroy_tan
material,mc/mtl_80s_edestroy_glass
material,mc/mtl_ac_big
material,mc/mtl_ac_window
material,mc/mtl_accessories_alpha_mp
material,mc/mtl_accessories_mp
material,mc/mtl_air_duct1
material,mc/mtl_air_duct2
material,mc/mtl_airplane_desk01
material,mc/mtl_antenna
material,mc/mtl_ap_couch
material,mc/mtl_arab_regular_asad_sp
material,mc/mtl_arab_regular_backpack
material,mc/mtl_arab_regular_helmet_hands_sp
material,mc/mtl_arab_regular_lod_sp
material,mc/mtl_arab_regular_mowrap_sp
material,mc/mtl_arab_regular_sadiq_sp
material,mc/mtl_arab_regular_ski_mask_sp
material,mc/mtl_armoire
material,mc/mtl_armoire_d
material,mc/mtl_banana_box
material,mc/mtl_barrel_black
material,mc/mtl_barrel_black_rust
material,mc/mtl_barrel_blue_rust
material,mc/mtl_barrel_d
material,mc/mtl_barrel_damaged
material,mc/mtl_barrel_fire
material,mc/mtl_barrel_russian_fuel_dirt
material,mc/mtl_barrel_white
material,mc/mtl_basketball_goal
material,mc/mtl_basketball_goal_net
material,mc/mtl_bathroom_chrome
material,mc/mtl_bathroom_porcelain
material,mc/mtl_bathroom_props
material,mc/mtl_bed_bunker
material,mc/mtl_bed_bunker2
material,mc/mtl_bed_mattress
material,mc/mtl_bedframemetal
material,mc/mtl_bench_posts
material,mc/mtl_bike
material,mc/mtl_biohazard
material,mc/mtl_bodies_arab_regular
material,mc/mtl_books
material,mc/mtl_bottle_machine1
material,mc/mtl_bottle_machine1_lit
material,mc/mtl_bottle_machine2
material,mc/mtl_bottle_machine2_lit
material,mc/mtl_bulldozer
material,mc/mtl_bulldozer_tread
material,mc/mtl_burnt_wood
material,mc/mtl_cafe_chair
material,mc/mtl_cafe_light_off
material,mc/mtl_cafe_table2_base
material,mc/mtl_campfire_equipment
material,mc/mtl_can_machine3
material,mc/mtl_can_machine3_lit
material,mc/mtl_cardboardbox
material,mc/mtl_cardboardbox_decal
material,mc/mtl_cargocontainerdoorhinge
material,mc/mtl_cargocontainerlockingbar
material,mc/mtl_cargoship_spotlight_off
material,mc/mtl_cargoship_spotlight_on
material,mc/mtl_cargoship_wall_light_off
material,mc/mtl_cargoship_wall_light_on
material,mc/mtl_cart_wheel
material,mc/mtl_ch_couch01
material,mc/mtl_ch_crates
material,mc/mtl_ch_gas_pump
material,mc/mtl_ch_gas_pump_glass
material,mc/mtl_ch_washer_01
material,mc/mtl_chechnya_trunk
material,mc/mtl_citrus_box
material,mc/mtl_com_powerline_tower
material,mc/mtl_conference_table1
material,mc/mtl_copperpan_metalpots
material,mc/mtl_corkboards
material,mc/mtl_corrugated_metal
material,mc/mtl_cot
material,mc/mtl_crate
material,mc/mtl_dead_pine
material,mc/mtl_dead_pine_canopy
material,mc/mtl_desert_op_force_arms
material,mc/mtl_desert_op_force_gloves
material,mc/mtl_desert_op_force_sleeves
material,mc/mtl_desertshrubs
material,mc/mtl_desktop_wallpaper
material,mc/mtl_destroyed_trees
material,mc/mtl_destroyed_trees_canopy
material,mc/mtl_dining_plates
material,mc/mtl_electric_box1
material,mc/mtl_electric_box2
material,mc/mtl_electric_box3
material,mc/mtl_electrical_pipe
material,mc/mtl_enemy_bedroll
material,mc/mtl_engine
material,mc/mtl_eye_highlight
material,mc/mtl_fanceil
material,mc/mtl_file_cabinet_a
material,mc/mtl_filecabinetblack
material,mc/mtl_flammable_liquid
material,mc/mtl_floodlight
material,mc/mtl_floodlight_on
material,mc/mtl_flower_pot_dirt
material,mc/mtl_flower_pot_medium
material,mc/mtl_folding_table
material,mc/mtl_folding_table_metal
material,mc/mtl_frenchbathtub
material,mc/mtl_furniture_lunch_table
material,mc/mtl_furniture_piano01
material,mc/mtl_furniture_piano01_d
material,mc/mtl_furniturewooddull
material,mc/mtl_grey_oak
material,mc/mtl_grey_oak_canopy
material,mc/mtl_haybale2
material,mc/mtl_haycart
material,mc/mtl_haycart_destroyed
material,mc/mtl_head_suren
material,mc/mtl_hookah_pipe
material,mc/mtl_industrialtrashbin
material,mc/mtl_ivy
material,mc/mtl_ivy_tree
material,mc/mtl_ladder_wood
material,mc/mtl_lamp_ornate_on
material,mc/mtl_laptop_envu_black
material,mc/mtl_laptop_envu_screen
material,mc/mtl_lawn_mower
material,mc/mtl_lightfluo
material,mc/mtl_lightfluohang_on
material,mc/mtl_market_stand1
material,mc/mtl_me_paintings2
material,mc/mtl_me_paintings3
material,mc/mtl_me_pictureframes
material,mc/mtl_military_tires02
material,mc/mtl_milk_carton
material,mc/mtl_misc_rock_boulder_01
material,mc/mtl_misc_rock_boulder_02
material,mc/mtl_newgrassgreen
material,mc/mtl_northafrica_chairs
material,mc/mtl_office_lamp
material,mc/mtl_orange
material,mc/mtl_outhouse
material,mc/mtl_paint_can
material,mc/mtl_pallet
material,mc/mtl_photocopier
material,mc/mtl_pillows
material,mc/mtl_pine
material,mc/mtl_pine_canopy
material,mc/mtl_plastic_bucket
material,mc/mtl_plastic_bucket_dirt
material,mc/mtl_plastic_crates
material,mc/mtl_plasticbottles
material,mc/mtl_plasticcrate_blue
material,mc/mtl_potted_plant02
material,mc/mtl_prop_bear
material,mc/mtl_propane_tank
material,mc/mtl_radiator
material,mc/mtl_red_pine
material,mc/mtl_red_pine_canopy
material,mc/mtl_red_toolbox
material,mc/mtl_refrigerator
material,mc/mtl_refrigerator2
material,mc/mtl_restaurant_sink
material,mc/mtl_restaurantkitchentables
material,mc/mtl_restaurantstainlessteelshelf
material,mc/mtl_restaurantstove
material,mc/mtl_river_birch
material,mc/mtl_river_birch_canopy
material,mc/mtl_russian_table
material,mc/mtl_russian_table_cloth1
material,mc/mtl_russian_table_cloth3
material,mc/mtl_sandbags
material,mc/mtl_satellite_dish_big
material,mc/mtl_satellite_dish_big_decal
material,mc/mtl_school_water_fountain
material,mc/mtl_server_room_computer_rack
material,mc/mtl_shower
material,mc/mtl_shower_chrome
material,mc/mtl_shower_curtain
material,mc/mtl_shower_glass
material,mc/mtl_shower_glass_underlay
material,mc/mtl_snack_machine_glass
material,mc/mtl_snack_machine_rings
material,mc/mtl_snack_machines_small_russia
material,mc/mtl_soup_can
material,mc/mtl_street_light_01
material,mc/mtl_street_light_02
material,mc/mtl_street_light_bulb
material,mc/mtl_street_light_bulb_02
material,mc/mtl_streetlight
material,mc/mtl_streetlight_on
material,mc/mtl_tanker_rubber_civ
material,mc/mtl_tanker_truck
material,mc/mtl_tanker_truck_alpha
material,mc/mtl_tanker_truck_chrome
material,mc/mtl_tanker_truck_civ
material,mc/mtl_tanker_truck_civ_chrome
material,mc/mtl_tanker_truck_glass
material,mc/mtl_television1
material,mc/mtl_television2
material,mc/mtl_tin_boxes
material,mc/mtl_tire
material,mc/mtl_tire2
material,mc/mtl_tomato
material,mc/mtl_towel
material,mc/mtl_tractor
material,mc/mtl_transistor_radio
material,mc/mtl_transmitting_tower
material,mc/mtl_transmitting_tower2
material,mc/mtl_trash
material,mc/mtl_trash_can
material,mc/mtl_trashbag
material,mc/mtl_trashbag_black
material,mc/mtl_trashbag_green
material,mc/mtl_trashcan_metal
material,mc/mtl_trashchute
material,mc/mtl_tree_shadow_caster
material,mc/mtl_tripodstudiolight_off
material,mc/mtl_tripodstudiolight_on
material,mc/mtl_truck_cab
material,mc/mtl_truck_glass
material,mc/mtl_truck_tires
material,mc/mtl_truck_trailer
material,mc/mtl_twolightsfixture_off
material,mc/mtl_twolightsfixture_on
material,mc/mtl_usmc_body_mp
material,mc/mtl_usmc_lod_mp
material,mc/mtl_usmc_shaved_head
material,mc/mtl_usmc_tactical_baseball_cap
material,mc/mtl_usmc_tactical_cap
material,mc/mtl_usmc_tactical_mich
material,mc/mtl_usmc_tactical_mich_stripes_nomex
material,mc/mtl_vehicle_pickup_glass
material,mc/mtl_vehicle_tractor_plow
material,mc/mtl_vehicle_truck
material,mc/mtl_vehicle_truck_tires
material,mc/mtl_vehicle_uaz
material,mc/mtl_vehicle_uaz_feb
material,mc/mtl_vehicle_uaz_glass
material,mc/mtl_vehicle_uaz_int
material,mc/mtl_vehicle_uaz_tire
material,mc/mtl_wall_clock
material,mc/mtl_water_tower
material,mc/mtl_water_tower2
material,mc/mtl_watermelon
material,mc/mtl_wheelbarrow
material,mc/mtl_widescreen_monitor
material,mc/mtl_wood_crate
material,mc/mtl_woodcage
material,wc/ac_treeline01
material,wc/ac_treesheet_dist
material,wc/ap_chrome
material,wc/ap_interior_carpet
material,wc/ap_interior_decals2
material,wc/ap_signage_interior_set_2
material,wc/ap_stairs
material,wc/ap_stairs_edge
material,wc/ap_tile_kitchen
material,wc/ap_wood_tile_big
material,wc/armada_water
material,wc/ch_brick_wall_02
material,wc/ch_brick_wall_03
material,wc/ch_brick_wall_09
material,wc/ch_ceiling01
material,wc/ch_concrete_03
material,wc/ch_concrete_04
material,wc/ch_concrete_ceiling_01
material,wc/ch_concrete_floor01
material,wc/ch_concretewall02
material,wc/ch_concretewall05
material,wc/ch_concretewall07
material,wc/ch_concretewall15
material,wc/ch_concretewall17
material,wc/ch_curtain01
material,wc/ch_dec_burntstain_01
material,wc/ch_dec_concrete02
material,wc/ch_dec_darkstain_01
material,wc/ch_dec_darkstain_02
material,wc/ch_dec_darkstain_03
material,wc/ch_dec_fallendeadleaves
material,wc/ch_dec_ivy01
material,wc/ch_factory_corrugatedsiding6
material,wc/ch_factory_diamondplate2
material,wc/ch_factory_diamondplate_step
material,wc/ch_factory_rustybeam
material,wc/ch_grass_01
material,wc/ch_grass_02
material,wc/ch_ground_dirt03
material,wc/ch_ground_dirt3_decal
material,wc/ch_ground_gravel01_decal
material,wc/ch_ground_gravel02
material,wc/ch_ground_gravel02_decal
material,wc/ch_ground_mud01_decal
material,wc/ch_ground_mud02
material,wc/ch_ground_mud03_decal
material,wc/ch_ground_road_dirt01_decal
material,wc/ch_hotspot01
material,wc/ch_metal_diamondplating
material,wc/ch_metal_rusty_02
material,wc/ch_mud_track_01
material,wc/ch_plaster02_dec
material,wc/ch_plaster04
material,wc/ch_plaster_corner_01
material,wc/ch_plasterwall_long
material,wc/ch_poster_calendar1
material,wc/ch_roof_tiles_1
material,wc/ch_stonewall_01
material,wc/ch_tile_floor02
material,wc/ch_tile_floor03
material,wc/ch_tin_roof01
material,wc/ch_trim_stainlessteel_1
material,wc/ch_trim_woodlong01
material,wc/ch_wall_cover_pink01
material,wc/ch_wall_white_big
material,wc/ch_wallpaintchipped_1
material,wc/ch_wallpaper01
material,wc/ch_window_13
material,wc/ch_woodplank01
material,wc/ch_woodplank02
material,wc/ch_woodwall01
material,wc/com_blue_tarp
material,wc/com_glass_clear
material,wc/com_glass_shattered_inside_fb
material,wc/com_glass_shattered_outside
material,wc/com_glassbroken_ground01
material,wc/com_light_switch_home_01
material,wc/com_light_switch_socket_01
material,wc/com_persian_rug_03
material,wc/com_plastic_wall
material,wc/com_stain_01
material,wc/crops_1
material,wc/icbm_braidedhose
material,wc/icbm_hazardstripe2
material,wc/icbm_rollupdoor
material,wc/kitchen_wallpaper
material,wc/me_asphalt_01
material,wc/me_brick_01
material,wc/me_cargocontainer_exteriordoor
material,wc/me_cargocontainer_exteriorwall
material,wc/me_cargocontainer_exttrimcorner01
material,wc/me_cargocontainer_exttrimcorner02
material,wc/me_cargocontainer_exttrimtall
material,wc/me_cargocontainer_exttrimwide
material,wc/me_cargocontainer_interiorfloor
material,wc/me_cargocontainer_top
material,wc/me_cinderblock_wall2
material,wc/me_cinderblock_wall2_top
material,wc/me_concrete_dest1
material,wc/me_concrete_rough
material,wc/me_dec_wall_stain_1
material,wc/me_decal_adobe_bottom_01
material,wc/me_decal_adobe_top_01
material,wc/me_decal_burned
material,wc/me_decal_cargocontainernumbers_03
material,wc/me_decal_cargocontainersignage01
material,wc/me_decal_cargocontainertext_01
material,wc/me_decal_cracks_01
material,wc/me_decal_darkstain_02
material,wc/me_decal_darkstain_03
material,wc/me_decal_darkstain_04
material,wc/me_decal_papers
material,wc/me_decal_peelingpaint
material,wc/me_decal_plasterwall_01
material,wc/me_decal_plasterwall_04
material,wc/me_decal_plasterwall_05
material,wc/me_decal_plasterwall_06
material,wc/me_decal_poster2
material,wc/me_decal_wallcorner_01
material,wc/me_drywall_02
material,wc/me_fence_chainlink
material,wc/me_fence_chainlink_wire
material,wc/me_floor_03
material,wc/me_floor_concrete
material,wc/me_glass
material,wc/me_glassdirt
material,wc/me_ground_dirt02
material,wc/me_ground_dirt03
material,wc/me_ground_tiretracks_decal_1
material,wc/me_metal_rust_02
material,wc/me_metal_rust_03
material,wc/me_office_ceiling_tiles_black
material,wc/me_oilstain
material,wc/me_plaster_01
material,wc/me_plaster_02
material,wc/me_plaster_02_interior
material,wc/me_plaster_03
material,wc/me_riverstain2
material,wc/me_roof_01
material,wc/me_sidewalk_02
material,wc/me_sidewalk_curb_white
material,wc/me_sidewalk_curb_yellow
material,wc/me_stonewall_02
material,wc/me_stonewall_03
material,wc/me_tile2
material,wc/me_trash01
material,wc/me_trim_metal_01
material,wc/me_trim_metal_conduit
material,wc/me_trim_metal_red
material,wc/me_two_x_four
material,wc/me_wallpaper1
material,wc/me_wallpaper2
material,wc/me_wallpaper_5
material,wc/me_wallpaper_6
material,wc/me_wallpaper_7
material,wc/me_wallpaper_8
material,wc/me_wallvent_01
material,wc/me_window_05
material,wc/me_window_08
material,wc/me_window_08_broken
material,wc/me_window_08_dirty
material,wc/me_window_glassblock
material,wc/me_wire_black
material,wc/me_woodbeam_01
material,wc/me_woodbeam_end_01
material,wc/me_woodboard_01
material,wc/me_woodboard_02
material,wc/me_woodboard_03
material,wc/me_woodplanks01
material,wc/mtl_furniture_lunch_table
material,wc/mtl_glass_clear_test
material,wc/office_carpet_02
material,wc/office_floortrim_black
material,wc/office_greenwall_01
material,wc/office_orangewall_01
material,wc/office_tanwall_01
material,wc/office_whitewall_01
material,wc/ship_body_wall
material,wc/ship_wall_stain5
material,wc/sky_armada
material,wc/utility_light_godray
material,wc/utility_light_hotspot
techset,effect_zfeather_add_eyeoffset
techset,mc_ambient_t0c0
techset,mc_effect_add_eyeoffset
techset,mc_effect_falloff_add_nofog
techset,mc_effect_falloff_add_nofog_eyeoffset
techset,mc_effect_zfeather_falloff_add_nofog
techset,mc_effect_zfeather_falloff_add_nofog_eyeoffset
techset,mc_l_hsm_r0c0d0n0
techset,mc_l_hsm_r0c0d0n0s0
techset,mc_l_hsm_t0c0n0
techset,mc_l_hsm_t0c0n0s0
techset,mc_l_sm_r0c0d0n0
techset,mc_l_sm_r0c0d0n0s0
techset,mc_l_sm_t0c0n0
techset,mc_l_sm_t0c0n0s0
techset,mc_l_t0c0
techset,mc_l_t0c0n0
techset,mc_l_t0c0n0s0
techset,mc_l_t0c0s0
techset,mc_shadowcaster
techset,mc_unlit_alphatest
techset,mc_unlit_replace
techset,sm2/effect_zfeather_add_eyeoffset
techset,sm2/mc_ambient_t0c0
techset,sm2/mc_effect_add_eyeoffset
techset,sm2/mc_effect_falloff_add_nofog
techset,sm2/mc_effect_falloff_add_nofog_eyeoffset
techset,sm2/mc_effect_zfeather_falloff_add_nofog
techset,sm2/mc_effect_zfeather_falloff_add_nofog_eyeoffset
techset,sm2/mc_l_hsm_r0c0d0n0
techset,sm2/mc_l_hsm_r0c0d0n0s0
techset,sm2/mc_l_hsm_t0c0n0
techset,sm2/mc_l_hsm_t0c0n0s0
techset,sm2/mc_l_sm_r0c0d0n0
techset,sm2/mc_l_sm_r0c0d0n0s0
techset,sm2/mc_l_sm_t0c0n0
techset,sm2/mc_l_sm_t0c0n0s0
techset,sm2/mc_l_t0c0
techset,sm2/mc_l_t0c0n0
techset,sm2/mc_l_t0c0n0s0
techset,sm2/mc_l_t0c0s0
techset,sm2/mc_shadowcaster
techset,sm2/mc_unlit_alphatest
techset,sm2/mc_unlit_replace
techset,sm2/wc_l_hsm_b0c0d0
techset,sm2/wc_l_hsm_b0c0d0n0
techset,sm2/wc_l_hsm_r0c0
techset,sm2/wc_l_hsm_r0c0d0
techset,sm2/wc_l_hsm_r0c0d0n0
techset,sm2/wc_l_hsm_r0c0d0n0s0
techset,sm2/wc_l_hsm_r0c0d0s0
techset,sm2/wc_l_hsm_r0c0n0
techset,sm2/wc_l_hsm_r0c0n0s0
techset,sm2/wc_l_hsm_r0c0s0
techset,sm2/wc_l_hsm_t0c0
techset,sm2/wc_l_hsm_t0c0n0
techset,sm2/wc_l_hsm_t0c0n0s0
techset,sm2/wc_l_hsm_t0c0s0
techset,sm2/wc_l_sm_b0c0d0
techset,sm2/wc_l_sm_b0c0d0n0
techset,sm2/wc_l_sm_r0c0
techset,sm2/wc_l_sm_r0c0d0
techset,sm2/wc_l_sm_r0c0d0n0
techset,sm2/wc_l_sm_r0c0d0n0s0
techset,sm2/wc_l_sm_r0c0d0s0
techset,sm2/wc_l_sm_r0c0n0
techset,sm2/wc_l_sm_r0c0n0s0
techset,sm2/wc_l_sm_r0c0s0
techset,sm2/wc_l_sm_t0c0
techset,sm2/wc_l_sm_t0c0n0
techset,sm2/wc_l_sm_t0c0n0s0
techset,sm2/wc_l_sm_t0c0s0
techset,sm2/wc_sky
techset,sm2/wc_unlit
techset,sm2/wc_unlit_add
techset,sm2/wc_unlit_falloff_add
techset,sm2/wc_unlit_multiply
techset,sm2/wc_water
techset,wc_l_hsm_b0c0d0
techset,wc_l_hsm_b0c0d0n0
techset,wc_l_hsm_r0c0
techset,wc_l_hsm_r0c0d0
techset,wc_l_hsm_r0c0d0n0
techset,wc_l_hsm_r0c0d0n0s0
techset,wc_l_hsm_r0c0d0s0
techset,wc_l_hsm_r0c0n0
techset,wc_l_hsm_r0c0n0s0
techset,wc_l_hsm_r0c0s0
techset,wc_l_hsm_t0c0
techset,wc_l_hsm_t0c0n0
techset,wc_l_hsm_t0c0n0s0
techset,wc_l_hsm_t0c0s0
techset,wc_l_sm_b0c0d0
techset,wc_l_sm_b0c0d0n0
techset,wc_l_sm_r0c0
techset,wc_l_sm_r0c0d0
techset,wc_l_sm_r0c0d0n0
techset,wc_l_sm_r0c0d0n0s0
techset,wc_l_sm_r0c0d0s0
techset,wc_l_sm_r0c0n0
techset,wc_l_sm_r0c0n0s0
techset,wc_l_sm_r0c0s0
techset,wc_l_sm_t0c0
techset,wc_l_sm_t0c0n0
techset,wc_l_sm_t0c0n0s0
techset,wc_l_sm_t0c0s0
techset,wc_sky
techset,wc_unlit
techset,wc_unlit_add
techset,wc_unlit_falloff_add
techset,wc_unlit_multiply
techset,wc_water
image,$outdoor
image,55_gallon_drum_black
image,55_gallon_drum_black_rust
image,55_gallon_drum_blue_rust
image,55_gallon_drum_bump
image,55_gallon_drum_red
image,55_gallon_drum_white
image,80s_destglass_col
image,80s_econ_glass_col
image,80s_econ_green_col
image,80s_econ_nml
image,80s_econ_red_col
image,80s_econ_silv_col
image,80s_econdestroy_green_col
image,80s_econdestroy_nml
image,80s_econdestroy_red_col
image,80s_econdestroy_silv_col
image,80s_econdestroy_tan_col
image,ac_big_col
image,ac_big_norm
image,ac_treeline01
image,ac_treesheet_dist
image,ac_win_col
image,ac_win_norm
image,accessories_alpha_mp_col
image,accessories_alpha_mp_nml
image,accessories_mp_col
image,accessories_mp_nml
image,air_duct1_col
image,air_duct1_nml
image,air_duct2_col
image,air_duct2_nml
image,antenna_c
image,antenna_n
image,ap_chrome_col
image,ap_couch_col
image,ap_couch_nml
image,ap_officecarpet_1_col
image,ap_officecarpet_1_nml
image,ap_signage_interior_set_2_col
image,ap_signage_interior_set_2_nml
image,ap_stairs_col
image,ap_stairs_edge_col
image,ap_stairs_edge_nml
image,ap_stairs_nml
image,ap_tile_floor_kitchen_col
image,ap_tile_floor_kitchen_nml
image,ap_wood_tile_big_col
image,ap_wood_tile_big_nml
image,arab_regular_asad_sp_col
image,arab_regular_asad_sp_nml
image,arab_regular_helmet_hands_sp_col
image,arab_regular_helmet_hands_sp_nml
image,arab_regular_lod_sp_col
image,arab_regular_lod_sp_nml
image,arab_regular_mowrap_sp_col
image,arab_regular_mowrap_sp_nml
image,arab_regular_sadiq_sp_col
image,arab_regular_sadiq_sp_nml
image,arab_regular_ski_mask_sp_col
image,arab_regular_ski_mask_sp_nml
image,arab_regular_suren_sp_col
image,arab_regular_suren_sp_nml
image,armoire
image,armoire_d
image,armoire_n
image,backpack_arab_regular_col
image,backpack_arab_regular_nml
image,banana_boxes
image,banana_boxes_bump
image,barrel_d
image,barrel_damaged_col
image,barrel_fire_col
image,barrel_fire_nml
image,bathroom_chrome_clr
image,bathroom_chrome_nml
image,bathroom_porcelain_clr
image,bathroom_porcelain_nml
image,bear_c
image,bear_n
image,bed_mattress_col
image,bed_mattress_frame_col
image,bed_mattress_frame_nml
image,bed_mattress_nml
image,bike_col
image,bike_normal
image,bodies_arab_regular_col
image,bodies_arab_regular_nml
image,body_wall1_col
image,body_wall1_nml
image,books_c
image,books_n
image,broll_col
image,broll_nml
image,bulldozer_col
image,bulldozer_nml
image,bulldozer_tread_col
image,bulldozer_tread_nml
image,bunker_bed_c
image,bunker_bed_n
image,burnt_wood_col
image,burnt_wood_nml
image,cafe_light_col
image,cafe_light_nml
image,cafe_table2_col
image,cafe_table2_nml
image,canopy2_col
image,canopy2_nml
image,car_engine_col
image,car_engine_nml
image,car_light_round_red
image,cardboard_box_color
image,cardboard_box_decal
image,cardboard_box_normal
image,cargocontainerdoorhinge_col
image,cargocontainerdoorhinge_nml
image,cargocontainerlockingbar_col
image,cargocontainerlockingbar_nml
image,cargoship_spotlight_col
image,cargoship_spotlight_nml
image,cargoship_wall_light1_col
image,cargoship_wall_light1_nml
image,cart_wheel
image,cart_wheel_bump
image,case64blue
image,ch_brickwall02_col
image,ch_brickwall02_n
image,ch_brickwall03_col
image,ch_brickwall09_col
image,ch_brickwall09_nml
image,ch_ceiling01_col
image,ch_ceiling01_nml
image,ch_concrete03_col
image,ch_concrete03_n
image,ch_concrete04_col
image,ch_concrete04_n
image,ch_concrete_ceiling01_col
image,ch_concrete_ceiling01_n
image,ch_concrete_floor01_col
image,ch_concretewall02_col
image,ch_concretewall02_nml
image,ch_concretewall05_col
image,ch_concretewall05_nml
image,ch_concretewall07_col
image,ch_concretewall07_nml
image,ch_concretewall14_nml
image,ch_concretewall15_col
image,ch_concretewall17_col
image,ch_couch_col
image,ch_couch_nml
image,ch_crates_col
image,ch_crates_nml
image,ch_curtain01_col
image,ch_curtain01_nml
image,ch_dec_burntstain_01_col
image,ch_dec_concrete02_col
image,ch_dec_concrete02_nml
image,ch_dec_darkstain_01
image,ch_dec_darkstain_02
image,ch_dec_darkstain_03
image,ch_dec_fallendeadleaves_col
image,ch_dec_fallendeadleaves_nml
image,ch_dec_ivy01_col#1
image,ch_dec_ivy01_nml
image,ch_dec_wood01_col
image,ch_dec_wood01_nml
image,ch_factory_corrugatedsiding2bump
image,ch_factory_corrugatedsiding6
image,ch_factory_diamondplate2
image,ch_factory_diamondplate2bump
image,ch_factory_rustybeam
image,ch_factory_rustydiamondplate
image,ch_factory_rustydiamondplate_bump
image,ch_furniture_lunch_table_col
image,ch_furniture_lunch_table_nml
image,ch_gas_pump_col
image,ch_gas_pump_glass_col
image,ch_gas_pump_nml
image,ch_grass_02_col
image,ch_grass_02_nml
image,ch_grass_col
image,ch_ground_gravel01_col
image,ch_ground_gravel01_nml
image,ch_ground_gravel02_col
image,ch_ground_gravel02_nml
image,ch_ground_mud01_col
image,ch_ground_mud01_nml
image,ch_ground_mud02_col
image,ch_ground_mud02_nml
image,ch_ground_mud03_col
image,ch_ground_mud03_nml
image,ch_ground_roaddirt01_col
image,ch_ground_roaddirt01_nml
image,ch_hayroll02_col
image,ch_hayroll02_nml
image,ch_hotspot01
image,ch_metal_diamondplating_col
image,ch_metal_diamondplating_nml
image,ch_metal_rusty_02_col
image,ch_metal_rusty_02_nml
image,ch_mud_track_col
image,ch_mud_track_n
image,ch_plaster02_col
image,ch_plaster02_nml
image,ch_plaster04_col
image,ch_plaster04_nml
image,ch_plastercorner01_col
image,ch_plastercorner01_nml
image,ch_plasterwall_long_col
image,ch_plasterwall_long_nml
image,ch_radiator01_col
image,ch_radiator01_norm
image,ch_rooftiles_1_col
image,ch_rooftiles_1_nml
image,ch_russian_calendar
image,ch_sandbag_normals
image,ch_sandbags_coler
image,ch_stonewall01_col
image,ch_stonewall01_nml
image,ch_tile_floor02_col
image,ch_tile_floor02_nml
image,ch_tile_floor03_col
image,ch_tile_floor03_nml
image,ch_tinblue_col
image,ch_tinblue_nml
image,ch_trim_stainlessteel_1_col
image,ch_trim_wood01_col
image,ch_trim_wood01_nml
image,ch_waching_machine_col
image,ch_waching_machine_nml
image,ch_wall_cover_pink01_col
image,ch_wallpaintchipped_1_col
image,ch_wallpaintchipped_1_nml
image,ch_wallpaper01
image,ch_wallpaper01_nml
image,ch_white_wall_col
image,ch_white_wall_nml
image,ch_window_13_col
image,ch_window_13_nml
image,ch_woodplank01_col
image,ch_woodplank01_nml
image,ch_woodwall01_col
image,ch_woodwall01_nml
image,chair_col
image,chair_nml
image,citrus_boxes
image,com_bluetarp_col
image,com_bluetarp_nml
image,com_brokenglass_ground01_col
image,com_brokenglass_ground01_nml
image,com_light_switch_home_01_col
image,com_light_switch_home_01_nml
image,com_light_switch_socket_01_col
image,com_light_switch_socket_01_nml
image,com_pc_monitor_col
image,com_pc_monitor_nml
image,com_persian_rug_03_col
image,com_persian_rug_03_nml
image,com_plasticwall_col
image,com_plasticwall_nml
image,com_powerline_tower_col
image,com_stain_01
image,concrete_wall_01
image,concrete_wall_03
image,conference_table1_col
image,conference_table1_nml
image,copperpan_metalpots_col
image,copperpan_metalpots_norm
image,corkboard_1_col
image,corkboard_1_nml
image,cot
image,cot_n
image,crate
image,crate_n
image,crops
image,dead_pine_col
image,dead_pine_nml
image,desertshrubs#0
image,desktop_wallpaper_col
image,dining_plates_col
image,dining_plates_normal
image,electric_box1_c
image,electric_box1_n
image,electric_box2_c
image,electric_box2_n
image,electric_box3_c
image,electric_box3_n
image,eye_highlight_col
image,fallujah_ft
image,fanceil_col
image,fanceil_norm
image,file_cabinet_a
image,file_cabinet_a_nrml
image,filecabinetblack_c
image,flare_a
image,floodlight_beam
image,floodlight_col
image,floodlight_norm
image,floodlight_on_col
image,flower_pot_dirt_col
image,flower_pot_dirt_nml
image,flower_pot_medium_col
image,flower_pot_medium_nml
image,folding_table_color
image,folding_table_normal
image,frenchbathtub_col
image,frenchbathtub_normal
image,furniture_piano01_c
image,furniture_piano01_d
image,furniture_piano01_d_n
image,furniture_piano01_n
image,furniture_wood_dull
image,furniture_wood_dull_normal
image,haycart
image,haycart_destroyed
image,haycart_destroyed_nm
image,haycart_nm
image,hookah_pipe_col
image,hookah_pipe_nml
image,hotspot1
image,icbm_braidedhose
image,icbm_braidedhose_bump
image,icbm_hazardstripe2
image,icbm_hazardstripe2_bump
image,icbm_rollupdoor#0
image,icbm_rollupdoor_bump#0
image,industrialtrashbin_col
image,industrialtrashbin_normal
image,ivy_col#1
image,ivy_nml
image,junktire2_col
image,junktire2_nml
image,junktire_col
image,junktire_nml
image,kitchen_wallpaper_col
image,kitchen_wallpaper_nml
image,la_trashchute_col
image,la_trashchute_normal
image,lamp_ornate_c
image,laptop_envu_blk_col
image,laptop_envu_col
image,laptop_envu_nml
image,lightfluohang_col
image,lightfluohang_norm
image,long_ray1
image,ma_trashbag_col
image,ma_trashbag_n
image,market_stand1
image,market_stand_bump
image,me_adobe_bottom
image,me_adobe_bottom_normal
image,me_adobe_top
image,me_asphalt_01
image,me_asphalt_01_n
image,me_cargocontainer_decal_text01_col
image,me_cargocontainer_decalnumbers03_col
image,me_cargocontainer_decalsignage01_col
image,me_cargocontainer_exttrimcorner01_col
image,me_cargocontainer_exttrimcorner01_nml
image,me_cargocontainer_exttrimcorner02_col
image,me_cargocontainer_exttrimtall01_col
image,me_cargocontainer_exttrimwide01_col
image,me_cargocontainerexteriordoor_col
image,me_cargocontainerexteriordoor_nml
image,me_cargocontainerexteriorwall_col
image,me_cargocontainerexteriorwall_nml
image,me_cargocontainerinteriorfloor_col
image,me_cargocontainerinteriorfloor_nml
image,me_cargocontainertop_col
image,me_cargocontainertop_nml
image,me_chainlink_fence_color#0
image,me_chainlink_fence_normal
image,me_chainlink_fence_wire_color#0
image,me_chainlink_fence_wire_normal
image,me_cinderblock_wall02_col
image,me_cinderblock_wall02_nml
image,me_cinderblock_wall02_t_col
image,me_cinderblock_wall02_t_nml
image,me_concrete_dest02_col
image,me_concrete_dest02_nml
image,me_concrete_rough_col
image,me_concrete_rough_nml
image,me_corrugated_metal1_col
image,me_corrugated_metal1_nml
image,me_cracks01_col
image,me_cracks01_nml
image,me_dec_wall_stain_1_col
image,me_decal_burned_col
image,me_decal_darkstain_04
image,me_decal_darkstain_05
image,me_decal_darkstain_06
image,me_decal_oil_stain_col
image,me_decal_peelingpaint
image,me_decal_peelingpaint_bump
image,me_decal_plasterwall01
image,me_decal_plasterwall01_n
image,me_decal_plasterwall04
image,me_decal_plasterwall04_n
image,me_decal_plasterwall05
image,me_decal_plasterwall05_n
image,me_decal_plasterwall06
image,me_decal_plasterwall06_n
image,me_decal_poster2
image,me_decal_wallcorner_col
image,me_decal_wallcorner_nml
image,me_dirty_glass
image,me_drywall02_col
image,me_floor_concrete_c
image,me_floor_concrete_n
image,me_floor_tile2
image,me_floor_tile2_n
image,me_glass
image,me_glassblock
image,me_glassblock_bump
image,me_ground_sand02_col
image,me_ground_sand02_nml
image,me_ground_sand03_col
image,me_ground_sand03_nml
image,me_ground_tiretracks_decal_1_col
image,me_ground_tiretracks_decal_1_nml
image,me_metal_rusty02_col
image,me_metal_rusty02_nml
image,me_metal_rusty03_col
image,me_metal_rusty03_nml
image,me_office_ceiling_tiles_black_col
image,me_office_ceiling_tiles_black_nml
image,me_paintings2
image,me_paintings3
image,me_paper_debris_c
image,me_paper_debris_n
image,me_pictureframes
image,me_pictureframes_bump
image,me_plaster_01
image,me_plaster_01_normal
image,me_plaster_02
image,me_plaster_02_n
image,me_plaster_02b_n
image,me_plaster_03
image,me_riverstain2
image,me_riverstain2_nml
image,me_roof
image,me_roof_n
image,me_sidewalk_02
image,me_sidewalk_02_bump
image,me_sidewalk_curb_normal
image,me_sidewalk_curb_white
image,me_sidewalk_curb_yellow
image,me_stone_wall_col
image,me_stone_wall_nml
image,me_stonewall_02
image,me_stonewall_02_n
image,me_tilefloor2_col
image,me_tilefloor2_nml
image,me_trim_metal01_col
image,me_trim_metal01_norm
image,me_trim_metal_conduit_col
image,me_trim_metal_conduit_norm
image,me_trim_metal_red_col
image,me_trim_metal_red_norm
image,me_two_x_four_col
image,me_two_x_four_nml
image,me_wallpaper1_col
image,me_wallpaper2_col
image,me_wallpaper_4_nml
image,me_wallpaper_5_col
image,me_wallpaper_6_col
image,me_wallpaper_7_col
image,me_wallpaper_8_col
image,me_wallvent1_col
image,me_wallvent1_nml
image,me_window5
image,me_window5_normal
image,me_window_08_broken_col
image,me_window_08_col
image,me_window_08_dirty_col
image,me_wire_black
image,me_wood_01_col
image,me_wood_01_nml
image,me_wood_beam
image,me_wood_beam_end
image,me_wood_beam_end_normal
image,me_wood_beam_normal
image,me_woodboard_01_col
image,me_woodboard_01_nml
image,me_woodboard_02_col
image,me_woodboard_02_nml
image,me_woodboard_03_col
image,me_woodboard_03_nml
image,metal_01
image,milk_carton_col
image,misc_rock_boulder_01_col
image,misc_rock_boulder_01_nml
image,misc_rock_boulder_02_col
image,misc_rock_boulder_02_nml
image,moth
image,mtl_bench_posts
image,mtl_bench_posts_nml
image,mtl_soda_bottle_01_col
image,mtl_soda_bottle_01_nml
image,mtl_soda_bottle_02_col
image,mtl_soda_bottle_02_nml
image,mtl_soda_can_03_col
image,mtl_soda_can_03_nml
image,mtl_truck_cab_col
image,mtl_truck_cab_nml
image,mtl_truck_trailer_col
image,mtl_truck_trailer_glass_col
image,mtl_truck_trailer_glass_nml
image,mtl_truck_trailer_nml
image,newgrass_col#0
image,northafrica_chairs_col
image,northafrica_chairs_normal
image,office_floortrim_black_col
image,office_floortrim_black_nml
image,office_lamp_c
image,office_lamp_n
image,officecarpet1_nml
image,officecarpet2_col
image,officewall01_col
image,officewall01_nml
image,orange_col
image,orange_nml
image,paint_can_col
image,paint_can_nml
image,pallet_col
image,pallet_nml
image,photocopier_col
image,photocopier_nml
image,pickup_col
image,pickup_glass_col
image,pickup_nml
image,pillows_col
image,pillows_nml
image,pine02_col
image,pine02_norm
image,plastic_bottles_col
image,plastic_bottles_nml
image,plastic_bucket_col
image,plastic_bucket_dirt_col
image,plastic_bucket_dirt_nml
image,plastic_bucket_nml
image,plastic_crates_bump
image,plasticcrate_blue
image,plasticcrate_red
image,potted_plant02_col
image,potted_plant02_nml
image,propane_tank_col
image,propane_tank_nml
image,red_pine_col
image,red_pine_nml
image,red_toolbox_col
image,red_toolbox_nml
image,refrigerator2_col
image,refrigerator2_nml
image,refrigerator_col
image,refrigerator_nml
image,restaurant_sink_col
image,restaurant_sink_nml
image,restaurant_stainlesssteelshelf_col
image,restaurant_stainlesssteelshelf_nml
image,restaurant_stove_col
image,restaurant_stove_nml
image,restaurantkitchentables_col
image,roadrock_clr
image,roadrock_nml
image,russian_fuel_drum_dirt
image,russian_table_cloth1_col
image,russian_table_cloth3_col
image,russian_table_cloth_nml
image,russian_table_col
image,russian_table_nml
image,rusty_barrel_bump
image,satellite_dish_big_col
image,satellite_dish_big_col_decal#0
image,satellite_dish_big_nml
image,satellite_dish_big_nml_decal
image,shower_clr
image,shower_curtain_clr
image,shower_curtain_nml
image,shower_glass_clr
image,shower_glass_nml
image,shower_glass_underlay_clr
image,shower_nml
image,soup_can_col
image,soup_can_nml
image,street_light_02_col
image,street_light_bulb_02_on_col
image,street_light_bulb_on_col
image,street_light_col
image,street_light_nml
image,streetlight_col
image,streetlight_norm
image,streetlight_on_col
image,table01_col
image,table01_nml
image,tanker_truck_civ_col
image,tanker_truck_col
image,tanker_truck_glass_col
image,tanker_truck_glass_nml
image,tanker_truck_nml
image,television1_col
image,television1_nml
image,television2_col
image,television2_nml
image,tin_boxes_col
image,tin_boxes_normal
image,tires02_col
image,tires02_nml
image,tomatoes
image,tomatoes_bump
image,towel_clr
image,towel_nml
image,tractor_c
image,tractor_n
image,tractor_plow_col
image,tractor_plow_nml
image,transistor_radio_col
image,transistor_radio_nml
image,transmitting_tower2_col_#0
image,transmitting_tower2_nml
image,transmitting_tower_col
image,transmitting_tower_nml
image,transparent_dirty
image,transparent_dirty_test
image,trash01_col
image,trash01_nml
image,trash_col
image,trash_nml
image,trashbag_black_col
image,trashbag_green_col
image,trashbag_nml
image,trashcan_col
image,trashcan_metal_col
image,trashcan_metal_n
image,tree_chechnya_trunk_col
image,tree_chechnya_trunk_nml
image,tree_destroyed_col
image,tree_destroyed_nml
image,tree_grey_oak_col
image,tree_grey_oak_nml
image,tree_pine_col
image,tree_pine_nml
image,tree_river_birch_col
image,tree_river_birch_nml
image,tree_shadowcaster
image,tripod_studio_light_col
image,tripod_studio_light_nml
image,trushcan_nml
image,twolightsfixture_col
image,twolightsfixture_nml
image,usmc_body_mp_col
image,usmc_body_mp_nml
image,usmc_lod_mp_col
image,usmc_lod_mp_nml
image,usmc_shaved_head_col
image,usmc_shaved_head_nml
image,usmc_tactical_baseball_cap_col
image,usmc_tactical_baseball_cap_nml
image,usmc_tactical_cap_col
image,usmc_tactical_cap_nml
image,usmc_tactical_mich_col
image,usmc_tactical_mich_nml
image,usmc_tactical_mich_stripes_nomex_col
image,usmc_tactical_mich_stripes_nomex_nml
image,vehicle_uaz_col
image,vehicle_uaz_feb_col
image,vehicle_uaz_feb_nml
image,vehicle_uaz_glass_col
image,vehicle_uaz_int_col
image,vehicle_uaz_int_nml
image,vehicle_uaz_nml
image,vehicle_uaz_tire_col
image,vehicle_uaz_tire_nml
image,viewhands_desert_opfor_clr
image,viewhands_desert_opfor_nml
image,wall_clock_col
image,wall_clock_nml
image,wall_stain5_col
image,water_tower2_col_#0
image,water_tower2_nml
image,water_tower_col
image,water_tower_nml
image,watermelon_col
image,watermelon_nml
image,wheelbarrow_c
image,wheelbarrow_n
image,woodcage_col
image,woodcage_nml
image,woodcrates_col
image,woodcrates_nml
image,xpec_basketball_goal_col
image,xpec_basketball_goal_net_col
image,xpec_basketball_goal_net_nml
image,xpec_basketball_goal_nml
image,xpec_lawn_mower_col
image,xpec_lawn_mower_nml
image,xpec_russian_campfire_equipment_col
image,xpec_russian_campfire_equipment_nml
image,xpec_school_water_fountain_col
image,xpec_school_water_fountain_nml
image,xpec_server_room_computer_rack_col
image,xpec_server_room_computer_rack_nml
image,xpec_snack_machine_glass_col
image,xpec_snack_machine_rings_col
image,xpec_snack_machines_small_1_col
image,xpec_snack_machines_small_nml
image,~$white-rgbl
image,~55_gallon_drum_spec-r-59g-59~bf714207
image,~55_gallon_drum_spec-r81g81b8~27de26c9
image,~80s_destglass_spc-rgb&80s_de~0f42539d
image,~80s_econ_glass_spc-rgb&80s_e~29444396
image,~80s_econ_spc-rgb&80s_econ_cos-l-11
image,~80s_econ_spc-rgb&80s_econ_cos-l-71
image,~80s_econdestroy_spc-rgb&80s_~2838a1ce
image,~ac_big_spec-rgb&ac_big_cp-l-11
image,~ac_win_spec-rgb&ac_win_cp-l-11
image,~accessories_alpha_mp_spc-rgb~3a37b3d9
image,~accessories_mp_spc-rgb&acces~1f976477
image,~air_duct1_spc-r34g34b34&air_~7d327003
image,~air_duct2_spc-r-61g-61b-61&a~0fe3105c
image,~antenna_s-rgb&antenna_cp-l-11
image,~ap_chrome_spc-rgb&ap_chrome_cos-l-11
image,~ap_couch_spc-rgb&ap_couch_cos-l-11
image,~ap_officecarpet_1_spc-r-17g-~1e7c2bc9
image,~ap_stairs_edge_spc-rgb&ap_st~c6097970
image,~ap_stairs_spc-rgb&ap_stairs_cos-l-11
image,~ap_tile_floor_kitchen_spc-rg~35777ebd
image,~ap_wood_tile_big_spc-r64g64b~54fc5470
image,~arab_regular_asad_sp_spc-rgb~1dcbf64f
image,~arab_regular_helmet_hands_sp~9476642e
image,~arab_regular_lod_sp_spc-rgb&~6eec55b0
image,~arab_regular_mowrap_sp_spc-r~e3bdc5d1
image,~arab_regular_ski_mask_sp_spc~76d7a6bb
image,~arab_regular_suren_sp_spc-rg~1d9bc063
image,~armoire_d_s-rgb&armoire_d_cp-l-11
image,~armoire_s-rgb&armoire_cp-l-11
image,~backpack_arab_regular_spc-rg~e3cb6c6b
image,~barrel_fire_spc-r81g81b81&$white-l-11
image,~bathroom_chrome_spc-rgb&bath~03806b1d
image,~bathroom_porcelain_spc-rgb&b~12d0b377
image,~bear_s-rgbl-11
image,~bed_mattress_frame_spc-rgb&b~4f3be6fc
image,~bed_mattress_spc-rgb&bed_mat~197334ec
image,~bike_spec-rgbl-79
image,~bodies_arab_regular_spc-rgb&~3e6beec8
image,~books_s-rgb&books_cp-l-11
image,~broll_spc-rgb&broll_cos-l-11
image,~bulldozer_spc-rgb&bulldozer_cos-l-11
image,~bulldozer_tread_spc-rgb&bull~24268a85
image,~bunker_bed_s-rgbl-11
image,~bunkerlights_s-rgb&$white-l-11
image,~burnt_wood_spc-r81g81b81&bur~d1d90f2f
image,~cafe_light_spc-rgb&cafe_ligh~0aab7842
image,~cafe_table2_spc-rgb&cafe_tab~988aa013
image,~cardboard_box_spec-rgbl-11
image,~cargocontainerdoorhinge_spc-~224e98d5
image,~cargocontainerlockingbar_spc~2ff803ff
image,~cargoship_spotlight_spc-rgb&~ff01938d
image,~cargoship_wall_light1_spc-rgbl99
image,~cart_wheel_spec-rgb&$white-l-11
image,~ch_brickwall02_s-rgb&ch_bric~d922e953
image,~ch_brickwall09_spc-r-25g-25b~87eb3694
image,~ch_ceiling01_spc-r30g30b30l-11
image,~ch_concrete03_s-rgbl-11
image,~ch_concrete04_s-rgb&ch_concr~677c2004
image,~ch_concrete_ceiling01_s-rgb&~00677740
image,~ch_concretewall02_spc-r73g73b73l-11
image,~ch_concretewall05_spc-r13g13~1bd2bd87
image,~ch_concretewall07_spc-r30g30~83359674
image,~ch_concretewall14_spc-rgb&ch~16d8636f
image,~ch_couch_spc-rgb&ch_couch_cos-l-11
image,~ch_crates_spc-rgb&ch_crates_cos-l-11
image,~ch_curtain01_spc-rgb&ch_curt~7fffa930
image,~ch_dec_concrete02_spc-rgb&ch~43f951a1
image,~ch_dec_fallendeadleaves_spc-~e6e7f1c9
image,~ch_dec_ivy01_spc-rgb&ch_dec_~1a0adc2c
image,~ch_dec_wood01_spc-rgb&ch_dec~aa4e5c65
image,~ch_factory_corrugatedsiding2~cf794c83
image,~ch_factory_diamondplate2spec~f6d63f1f
image,~ch_factory_rustydiamondplate~351549f5
image,~ch_furniture_lunch_table_spc~9f0de661
image,~ch_gas_pump_glass_spc-r-61g-~8f20da0c
image,~ch_gas_pump_spc-rgb&ch_gas_p~51c4927a
image,~ch_grass_02_spc-rgb&ch_grass~3fc77e0f
image,~ch_ground_gravel01_spc-rgb&c~67abc02d
image,~ch_ground_gravel02_spc-rgb&c~dd59f1ea
image,~ch_ground_mud01_spc-rgb&ch_g~75754388
image,~ch_ground_mud02_spc-rgb&ch_g~1b6fe333
image,~ch_ground_mud03_spc-rgb&ch_g~10285816
image,~ch_ground_roaddirt01_spc-r30~22c83e6c
image,~ch_hayroll02_spc-rgb&ch_hayr~9d06e050
image,~ch_metal_diamondplating_spc-~14cba073
image,~ch_metal_rusty_02_spc-rgb&ch~ce22ca64
image,~ch_mud_track_s-rgbl-11
image,~ch_plaster02_spc-rgb&ch_plas~c28916db
image,~ch_plaster04_spc-rgb&ch_plas~e702db03
image,~ch_plasterwall_long_spc-r-49~3c124bfe
image,~ch_radiator01_spec-rgb&ch_ra~ff839829
image,~ch_rooftiles_1_spc-rgb&ch_ro~6767ce00
image,~ch_stonewall01_spc-r-49g-49b~a1a02bf8
image,~ch_tile_floor02_spc-rgb&ch_t~4e3d754e
image,~ch_tile_floor03_spc-rgb&ch_t~9104e583
image,~ch_tinblue_spc-rgb&ch_tinblu~5c4a9049
image,~ch_trim_stainlessteel_1_spc-~dac1f48f
image,~ch_trim_wood01_spc-rgb&$white-l-11
image,~ch_waching_machine_spc-r-71g~5393bd6c
image,~ch_wall_cover_pink01_spc-rgbl-11
image,~ch_wallpaper01_spc-rgbl-79
image,~ch_white_wall_spc-rgbl-11
image,~ch_window_13_spc-r-25g-25b-2~3a13d9da
image,~ch_woodplank01_spc-rgb&ch_wo~f36b6198
image,~ch_woodwall01_spc-r29g29b29&~9eeac44b
image,~chair_spc-rgb&chair_cos-l-11
image,~com_bluetarp_spc-r-25g-25b-2~cacbbd6c
image,~com_brokenglass_ground01_spc~542a211b
image,~com_light_switch_home_01_spc~2d92a842
image,~com_light_switch_socket_01_s~b0ee5052
image,~com_pc_monitor_spc-rgb&com_p~1522d618
image,~com_plasticwall_spc-r-25g-25~9cd0bf2e
image,~com_powerline_tower_spc-r10g~477994bc
image,~conference_table1_spc-rgb&co~47406e04
image,~copperpan_metalpots_spec-rgb~aedebf0f
image,~corkboard_1_spc-rgb&corkboar~c0e3ea32
image,~cot_s-rgb&cot_cp-l-11
image,~crate_s-rgb&crate_cp-l-11
image,~dead_pine_spc-r-71g-71b-71&d~34842d41
image,~dining_plates_spec-rgb&$white-l-11
image,~electric_box1_s-r30g30b30&el~60092dfc
image,~electric_box2_s-r30g30b30&el~b581c4b0
image,~electric_box3_s-r30g30b30&el~aa01d547
image,~eye_highlight_spc-rgb&eye_hi~92c2d33b
image,~fanceil_spec-rgb&fanceil_cp-l-11
image,~file_cabinet_a_spec-rgb&file~e0523ea2
image,~floodlight_spec-rgb&floodlig~4ed6cf7a
image,~flower_pot_dirt_spc-rgb&flow~412ab4fe
image,~flower_pot_medium_spc-rgb&fl~8e2e0a9c
image,~folding_table_spec-rgb&$white-l-11
image,~frenchbathtub_spec-rgb&frenc~11490a71
image,~furniture_piano01_d_s-rgb&fu~0be34944
image,~furniture_piano01_s-rgb&furn~1d1aa102
image,~furniture_wood_dull_spec-rgb~f925ebb6
image,~haycart_destroyed_specular-rgbl-11
image,~haycart_specular-rgbl-11
image,~hookah_pipe_spc-rgb&hookah_p~290400da
image,~icbm_braidedhose_spec-rgbl-11
image,~icbm_hazardstripe2_spec-rgb&~b24f48fa
image,~icbm_rollupdoor_spec-rgbl-11
image,~ivy_spc-rgb&ivy_cos-l-11
image,~junktire2_spc-rgb&junktire2_cos-l-11
image,~junktire_spc-rgb&junktire_cos-l-11
image,~kitchen_wallpaper_spc-rgb&ki~d99ff9da
image,~laptop_envu_spc-rgb&laptop_e~352a7025
image,~lightfluohang_spec-rgb&light~20d8db0f
image,~ma_trashbag_s-rgb&ma_trashba~d3219cab
image,~market_stand_spec-rgb&$white-l-11
image,~me_asphalt_01_s-r-25g-25b-25l-11
image,~me_cargocontainer_exttrimcor~93d41e1a
image,~me_cargocontainer_exttrimcor~ec02fd5c
image,~me_cargocontainer_exttrimtal~529d66cf
image,~me_cargocontainer_exttrimwid~28f51640
image,~me_cargocontainerexteriordoo~436ac6b3
image,~me_cargocontainerexteriorwal~27c3d421
image,~me_cargocontainerinteriorflo~daa93891
image,~me_cargocontainertop_spc-rgb~4465eb4f
image,~me_chainlink_fence_spec-r-44~92a16537
image,~me_chainlink_fence_wire_spec~94feec8f
image,~me_cinderblock_wall02_spc-rg~2e3b23af
image,~me_cinderblock_wall02_t_spc-~b34028d7
image,~me_concrete_rough_spc-r-25g-~72b913f4
image,~me_corrugated_metal1_spc-r13~4c39fc33
image,~me_decal_oil_stain_spc-r34g3~5f2c3403
image,~me_decal_plasterwall01_s-r-2~bf37016e
image,~me_decal_plasterwall04_s-r-2~bf37016e
image,~me_decal_plasterwall05_s-r-2~bf37016e
image,~me_decal_plasterwall06_s-r-2~bf37016e
image,~me_decal_wallcorner_spc-rgb&~99b3c4d1
image,~me_dirty_glass_spc-rgbl-11
image,~me_floor_concrete_s-rgb&me_f~5099b0d2
image,~me_floor_tile2_s-rgbl-11
image,~me_glass-rgb&$white-l-11
image,~me_glassblock_spec-rgb&$white-l-11
image,~me_ground_sand02_spc-rgb&me_~7d1f0136
image,~me_ground_sand03_spc-rgb&me_~dc5d35ed
image,~me_metal_rusty02_spc-rgb&me_~7892a531
image,~me_metal_rusty03_spc-rgb&me_~16796c42
image,~me_office_ceiling_tiles_blac~bf01d7e3
image,~me_paintings2_cos-rgbl-11
image,~me_paintings3_spc-rgbl-11
image,~me_paper_debris_s-r-17g-17b-~42c7fd05
image,~me_pictureframes_spec-rgb&$white-l-11
image,~me_plaster_01_spec-r-25g-25b~584eb075
image,~me_plaster_02_s-r-25g-25b-25l-86
image,~me_plaster_02_s-r-61g-61b-61l-92
image,~me_riverstain2_spc-rgbl-11
image,~me_roof_s-r-25g-25b-25l-11
image,~me_sidewalk_02_spec-r-25g-25b-25l-79
image,~me_sidewalk_curb_spec-r-25g-~80c9dee2
image,~me_stone_wall_spc-rgb&me_sto~a3736701
image,~me_stonewall_02_s-r-71g-71b-~7c198649
image,~me_tilefloor2_spc-r29g29b29&~f66e27ee
image,~me_trim_metal01_spec-rgb&me_~b8a3caad
image,~me_trim_metal_conduit_spec-r~27a891f0
image,~me_trim_metal_red_spec-rgb&m~a0e244ca
image,~me_two_x_four_spc-rgbl-11
image,~me_wallpaper1_spec-rgbl-11
image,~me_wallpaper2_spec-rgbl-79
image,~me_wallpaper_4_spc-rgb&me_wa~cc3d5f12
image,~me_window5_spec-rgb&me_windo~268d3944
image,~me_window_08_broken_spc-rgb&~9706a770
image,~me_window_08_dirty_spc-rgb&$~ae6da276
image,~me_window_08_spc-rgb&$white-l-11
image,~me_wood_01_spc-r-25g-25b-25&~f8fb071a
image,~me_wood_beam_end_spec-rgbl-11
image,~me_wood_beam_spec-rgbl-11
image,~me_woodboard_01_spc-rgb&me_w~9fe29fd2
image,~me_woodboard_02_spc-rgb&me_w~f5166db2
image,~me_woodboard_03_spc-rgb&me_w~278017f8
image,~milk_carton_spc-rgb&milk_car~33deef45
image,~misc_rock_boulder_01_spc-rgb~3b328b7c
image,~misc_rock_boulder_02_spc-rgb~a2934773
image,~mtl_bench_posts_spec-rgbl-11
image,~mtl_soda_bottle_01_spc-rgb&m~34c55666
image,~mtl_soda_bottle_02_spc-rgb&m~774ab8f6
image,~mtl_soda_can_03_spc-rgb&mtl_~f2491b9b
image,~mtl_truck_cab_spc-rgb&mtl_tr~9004f4e3
image,~mtl_truck_trailer_glass_spc-~aab46942
image,~mtl_truck_trailer_spc-rgb&mt~8d60244a
image,~northafrica_chairs_spec-rgb&~f790ce45
image,~office_floortrim_black_spc-rgbl-11
image,~officewall01_spec-rgb&office~f65856fa
image,~orange_spc-rgb&orange_cos-l-11
image,~paint_can_spc-rgb&paint_can_cos-l-11
image,~pallet_spc-rgb&pallet_cos-l-11
image,~photocopier_spc-rgb&photocop~ca32a0aa
image,~pickup_glass_spec-rgb&pickup~9471e152
image,~pickup_spc-rgb&pickup_cos-l-11
image,~pillows_spc-rgb&pillows_cos-l-11
image,~pine02_spec-rgb&pine02_cos-l-11
image,~plastic_bottles_spc-rgb&plas~dfda3ded
image,~plastic_bucket_dirt_spc-r30g30b30l-11
image,~plastic_bucket_spc-rgb&plast~7c97f814
image,~plasticcrate_spec-r30g30b30&~5ecb3232
image,~potted_plant02_spc-rgb&potte~9e1f1335
image,~propane_tank_spc-rgb&propane~6dbb2f65
image,~red_toolbox_spc-rgb&red_tool~1120824b
image,~refrigerator2_spec-rgb&refri~bef6e359
image,~refrigerator_spec-rgb&refrig~e65ac661
image,~restaurant_sink_spc-rgb&rest~93f2ca17
image,~restaurant_stainlesssteelshe~01afeb18
image,~restaurant_stove_spc-rgb&res~2fe276cb
image,~restaurantkitchentables_spc-~599d9206
image,~russian_table_cloth_spc-rgb&~1a08bcf9
image,~russian_table_spc-rgb&russia~2ec501dc
image,~rusty_barrel_spec-rgb&rusty_~96f69cf3
image,~satellite_dish_big_spc-rgb&s~3219995e
image,~satellite_dish_big_spc_decal~4a8bf773
image,~shower_curtain_spc-rgbl-11
image,~shower_glass_spc-rgb&shower_~09f534e4
image,~shower_glass_underlay_spc-rg~0ee88e03
image,~shower_spc-rgb&shower_cos-l-11
image,~soup_can_spc-rgbl-11
image,~street_light_02_spc-r-49g-49~038dbfee
image,~street_light_spc-r-61g-61b-6~d0176b41
image,~streetlight_spec-rgb&streetl~8002b549
image,~table01_spc-rgb&table01_cos-l-11
image,~tanker_truck_civ_spec-r-25g-~055cc706
image,~tanker_truck_civ_spec-rgb&ta~a7858427
image,~tanker_truck_glass_spc-rgb&t~1bbf316f
image,~tanker_truck_spc-r-59g-59b-5~d4cf5b85
image,~tanker_truck_spc-rgb&tanker_~b6805acf
image,~television1_spc-rgb&televisi~dbaf2795
image,~television2_spc-rgb&televisi~fcb49a14
image,~tin_boxes_spec-rgb&$white-l-11
image,~tires02_spc-r-49g-49b-49&tir~3fdd549f
image,~tomatoes_spec-rgb&$white-l-11
image,~towel_spc-rgb&towel_cos-l-11
image,~tractor_plow_spc-r-17g-17b-1~216787ac
image,~tractor_s-rgb&tractor_cp-l-11
image,~transistor_radio_spc-rgb&tra~f5a20699
image,~transmitting_tower2_spc-rgb&~c162b271
image,~transmitting_tower_spc-rgb&t~5a82c8ae
image,~trash01_spc-rgb&trash01_cos-l-11
image,~trash_spc-rgb&trash_cos-l-11
image,~trashbag_spc-r-25g-25b-25&tr~b1b521a2
image,~trashcan_metal_s-rgb&trashca~07688e36
image,~trashcan_spc-rgb&trashcan_cos-l-11
image,~tripod_studio_light_spc-rgb&~b026d7f1
image,~twolightsfixture_spc-rgb&two~03ba037a
image,~usmc_body_mp_spc-rgb&usmc_bo~047366d7
image,~usmc_lod_mp_spc-rgb&usmc_lod~1fa2b4a7
image,~usmc_shaved_head_spc-rgb&usm~1982b424
image,~usmc_tactical_baseball_cap_s~9661400c
image,~usmc_tactical_cap_spc-rgb&us~21ab2957
image,~usmc_tactical_mich_spc-rgb&u~659bbbc2
image,~usmc_tactical_mich_stripes_n~2c333a2f
image,~vehicle_uaz_feb_spc-r-59g-59~2a068c27
image,~vehicle_uaz_glass_spc-r-61g-~e19262b7
image,~vehicle_uaz_int_spc-r-61g-61~47d1ec3e
image,~vehicle_uaz_spc-r-59g-59b-59~a76c587d
image,~vehicle_uaz_tire_spc-r-61g-6~d23037ac
image,~viewhands_desert_opfor_spc-r~3c3356ad
image,~viewhands_desert_opfor_spc-r~83bf7825
image,~wall_clock_spc-rgb&wall_cloc~b44fd8cd
image,~water_tower2_spc-r34g34b34&w~c20db261
image,~water_tower_spc-r34g34b34&wa~7e65d1c9
image,~watermelon_spc-rgb&watermelo~fd5a929b
image,~wheelbarrow_s-rgb&wheelbarrow_cp-l-11
image,~white_dirty-rgbl-11
image,~xpec_basketball_goal_net_spc~d1bd1197
image,~xpec_basketball_goal_spc-rgb~9ec72f2e
image,~xpec_lawn_mower_spc-rgb&xpec~bcfaaff4
image,~xpec_russian_campfire_equipm~43005838
image,~xpec_school_water_fountain_s~aa4c2949
image,~xpec_server_room_computer_ra~e8f950e4
image,~xpec_snack_machine_glass_spc~09ee97c1
image,~xpec_snack_machine_rings_spc-rgbl-11
image,~xpec_snack_machines_small_sp~00f59617
loaded_sound,doors/door_wd_kick02.wav
loaded_sound,explosions/exp_car_close01.wav
loaded_sound,explosions/exp_car_close02.wav
loaded_sound,explosions/exp_car_close03.wav
loaded_sound,explosions/exp_metal_armor_debris01.wav
loaded_sound,explosions/fire_vehicle_flame_up_medbig1.wav
loaded_sound,explosions/fire_vehicle_flame_up_medbig2.wav
loaded_sound,explosions/fire_vehicle_flame_up_medbig3.wav
loaded_sound,explosions/mrk_rockexplosion_layer1.wav
loaded_sound,explosions/mrk_rockexplosion_layer5.wav
loaded_sound,fire/fire_med_loop02_res.wav
loaded_sound,fire/fire_vehicle_small_loop1_res.wav
loaded_sound,misc/mrk_breathing_better10.wav
loaded_sound,misc/mrk_breathing_better11.wav
loaded_sound,misc/mrk_breathing_better12.wav
loaded_sound,misc/mrk_breathing_hurt10.wav
loaded_sound,misc/mrk_breathing_hurt11.wav
loaded_sound,misc/mrk_breathing_hurt12.wav
loaded_sound,misc/mrk_breathing_hurt13.wav
loaded_sound,misc/mrk_breathing_hurt14.wav
loaded_sound,misc/mrk_breathing_hurt15.wav
loaded_sound,misc/mrk_breathing_hurt16.wav
loaded_sound,user_interface/ui_computer_text_blip1x.wav
loaded_sound,user_interface/ui_computer_text_delete1.wav
loaded_sound,vehicles/truck_idle.wav
loaded_sound,vehicles/truck_move.wav
loaded_sound,vehicles/veh_hind_idle_v3res.wav
loaded_sound,vehicles/veh_hind_move_v3res.wav
loaded_sound,vehicles/veh_mi17_idle_v1res.wav
loaded_sound,vehicles/veh_mi17_move_v1res.wav
loaded_sound,vehicles/veh_pickup_idle_v2loop.wav
loaded_sound,vehicles/veh_pickup_move_v3loop.wav
loaded_sound,vehicles/veh_t72_move_v2loop.wav
loaded_sound,weapons/cal30/weap_30cal_cooldown_1.wav
loaded_sound,weapons/cal30/weap_30cal_loop_1.wav
com_map,maps/mp/mp_wallace.d3dbsp
game_map_mp,maps/mp/mp_wallace.d3dbsp
map_ents,maps/mp/mp_wallace.d3dbsp
gfx_map,maps/mp/mp_wallace.d3dbsp
fx,fire/firelp_barrel_pm
fx,fire/flame_small_em
fx,fire/tire_fire_med
fx,misc/insects_light_flies
fx,misc/lighthaze
fx,misc/lighthaze_bog_a
fx,misc/power_tower_light_red_blink
fx,props/barrel_fire_top
fx,props/barrel_ignite
fx,props/car_glass_brakelight
fx,props/car_glass_headlight
fx,props/car_glass_large
fx,props/car_glass_med
fx,props/watermelon
fx,props/watermelon_splat
fx,smoke/car_damage_blacksmoke
fx,smoke/car_damage_blacksmoke_fire
fx,smoke/car_damage_whitesmoke
impactfx,mp_wallace
rawfile,maps/mp/_explosive_barrels.gsc
rawfile,maps/mp/mp_wallace.gsc
rawfile,maps/mp/mp_wallace_fx.gsc
